<?xml version="1.0" encoding="UTF-8"?>
<project-private xmlns="http://www.netbeans.org/ns/project-private/1">
    <editor-bookmarks xmlns="http://www.netbeans.org/ns/editor-bookmarks/2" lastBookmarkId="0"/>
    <open-files xmlns="http://www.netbeans.org/ns/projectui-open-files/2">
        <group>
            <file>file:/D:/Repositories/CS-2136-OOP-JAVA/ProgExer4/src/main/Staff.java</file>
            <file>file:/D:/Repositories/CS-2136-OOP-JAVA/ProgExer4/src/main/Employee.java</file>
            <file>file:/D:/Repositories/CS-2136-OOP-JAVA/ProgExer4/src/main/Company.java</file>
            <file>file:/D:/Repositories/CS-2136-OOP-JAVA/ProgExer4/src/main/FullTime.java</file>
            <file>file:/D:/Repositories/CS-2136-OOP-JAVA/ProgExer4/src/main/OJT.java</file>
            <file>file:/D:/Repositories/CS-2136-OOP-JAVA/ProgExer4/src/main/PartTime.java</file>
            <file>file:/D:/Repositories/CS-2136-OOP-JAVA/ProgExer4/src/main/ProgExer4.java</file>
            <file>file:/D:/Repositories/CS-2136-OOP-JAVA/ProgExer4/src/main/RegularSalary.java</file>
            <file>file:/D:/Repositories/CS-2136-OOP-JAVA/ProgExer4/src/main/Manager.java</file>
            <file>file:/D:/Repositories/CS-2136-OOP-JAVA/ProgExer4/src/main/HourlySalary.java</file>
        </group>
    </open-files>
</project-private>
