<?xml version="1.0" encoding="UTF-8"?>
<project-private xmlns="http://www.netbeans.org/ns/project-private/1">
    <editor-bookmarks xmlns="http://www.netbeans.org/ns/editor-bookmarks/2" lastBookmarkId="0"/>
    <open-files xmlns="http://www.netbeans.org/ns/projectui-open-files/2">
        <group>
            <file>file:/D:/Repositories/CS-2136-OOP-JAVA/ProgExer5/src/main/MyHourlySalary.java</file>
            <file>file:/D:/Repositories/CS-2136-OOP-JAVA/ProgExer5/src/main/ProgExer5.java</file>
            <file>file:/D:/Repositories/CS-2136-OOP-JAVA/ProgExer5/src/main/MyCompany.java</file>
            <file>file:/D:/Repositories/CS-2136-OOP-JAVA/ProgExer5/src/main/MyFullTime.java</file>
            <file>file:/D:/Repositories/CS-2136-OOP-JAVA/ProgExer5/src/main/MyEmployee.java</file>
        </group>
    </open-files>
</project-private>
